[{"id":"user-image-spandau1.jpg","publicUrl":"np://user.desktop.nicepage.com/Site_8135141/images/spandau1.jpg","size":399174,"hash":"j4PZ4m8ILdFUILcgJEyM5GtagPk=","fileName":"spandau1.jpg","name":"spandau1","width":1920,"height":1080,"thumbnail":{"url":"np://user.desktop.nicepage.com/Site_8135141/images/thumbnails/spandau1.jpg","width":250,"height":141},"folderId":null,"usages":["1664127433"]},{"id":"user-image-7TR_2306.JPG","publicUrl":"np://user.desktop.nicepage.com/Site_8135141/images/7TR_2306.JPG","size":5098031,"hash":"JFZn6l5rCDX9VJLbMxAZq3GntoY=","fileName":"7TR_2306.JPG","name":"7TR_2306","width":2832,"height":4256,"thumbnail":{"url":"np://user.desktop.nicepage.com/Site_8135141/images/thumbnails/7TR_2306.JPG","width":166,"height":250},"folderId":null,"usages":["1664127433"]},{"id":"user-image-bbtor.jpg","publicUrl":"np://user.desktop.nicepage.com/Site_8135141/images/bbtor.jpg","size":782527,"hash":"l6PTh/2pJ0VKXhmgUIuc3J3kgVw=","fileName":"bbtor.jpg","name":"bbtor","width":1620,"height":1080,"thumbnail":{"url":"np://user.desktop.nicepage.com/Site_8135141/images/thumbnails/bbtor.jpg","width":250,"height":167},"folderId":null,"usages":["1664127433"]},{"id":"user-image-7TR_2311.JPG","publicUrl":"np://user.desktop.nicepage.com/Site_8135141/images/7TR_2311.JPG","size":4129229,"hash":"eTjgMq+n6lOc1+Z/aMrvKccnexE=","fileName":"7TR_2311.JPG","name":"7TR_2311","width":4256,"height":2832,"thumbnail":{"url":"np://user.desktop.nicepage.com/Site_8135141/images/thumbnails/7TR_2311.JPG","width":250,"height":166},"folderId":null,"usages":["1664127433","499512371"]},{"id":"user-image-w4-min.jpg","publicUrl":"np://user.desktop.nicepage.com/Site_8135141/images/w4-min.jpg","size":462986,"hash":"fqH9Gbga2Ye5QiJ+uFE/Iaueclg=","fileName":"w4-min.jpg","name":"w4-min","width":1980,"height":806,"thumbnail":{"url":"np://user.desktop.nicepage.com/Site_8135141/images/thumbnails/w4-min.jpg","width":250,"height":102},"folderId":null,"originalUrl":"//images03.nicepage.com/c461c07a441a5d220e8feb1a/1d7522477e8255a697949ad4/w4-min.jpg?version=","usages":["1664127433"]}]