[{"id":360716835,"title":"Blog Template","order":1,"templateKey":"blog","customTemplate":false,"customTemplateFilename":null,"pageLinks":[],"dateCreated":"2024-07-27T09:28:22.131Z","dateUpdated":"2024-07-27T09:28:23.306Z","folderId":null,"pageName":"Blog Template","serverPageId":null,"sectionCount":1,"status":2,"backwardUrl":null},{"id":914220093,"title":"Post Template","order":2,"templateKey":"post","customTemplate":false,"customTemplateFilename":null,"pageLinks":[],"dateCreated":"2024-07-27T09:28:22.256Z","dateUpdated":"2024-07-27T09:28:23.307Z","folderId":null,"pageName":"Post Template","serverPageId":null,"sectionCount":1,"status":2,"backwardUrl":null},{"id":29791186,"title":"Product List Template","order":3,"templateKey":"products","customTemplate":false,"customTemplateFilename":null,"pageLinks":[],"dateCreated":"2024-07-27T09:28:22.384Z","dateUpdated":"2024-07-27T09:28:23.307Z","folderId":null,"pageName":"Product List Template","serverPageId":null,"sectionCount":1,"status":2,"backwardUrl":null},{"id":325921500,"title":"Product Details Template","order":4,"templateKey":"product","customTemplate":false,"customTemplateFilename":null,"pageLinks":[],"dateCreated":"2024-07-27T09:28:22.496Z","dateUpdated":"2024-07-27T09:28:23.307Z","folderId":null,"pageName":"Product Details Template","serverPageId":null,"sectionCount":1,"status":2,"backwardUrl":null},{"id":507625149,"title":"Shopping Cart Template","order":5,"templateKey":"cart","customTemplate":false,"customTemplateFilename":null,"pageLinks":[],"dateCreated":"2024-07-27T09:28:22.593Z","dateUpdated":"2024-07-27T09:28:23.307Z","folderId":null,"pageName":"Shopping Cart Template","serverPageId":null,"sectionCount":1,"status":2,"backwardUrl":null},{"id":747517563,"title":"Checkout Template","order":6,"templateKey":"checkout","customTemplate":false,"customTemplateFilename":null,"pageLinks":[],"dateCreated":"2024-07-27T09:28:22.714Z","dateUpdated":"2024-07-27T09:28:23.307Z","folderId":null,"pageName":"Checkout Template","serverPageId":null,"sectionCount":1,"status":2,"backwardUrl":null},{"id":90982172,"title":"Login Template","order":7,"templateKey":"login","customTemplate":false,"customTemplateFilename":null,"pageLinks":[],"dateCreated":"2024-07-27T09:28:22.788Z","dateUpdated":"2024-07-27T09:28:23.307Z","folderId":null,"pageName":"Login Template","serverPageId":null,"sectionCount":1,"status":2,"backwardUrl":null},{"id":427010394,"title":"Page Password Template","order":8,"templateKey":"password","customTemplate":false,"customTemplateFilename":null,"pageLinks":[],"dateCreated":"2024-07-27T09:28:22.842Z","dateUpdated":"2024-07-27T09:28:23.308Z","folderId":null,"pageName":"Page Password Template","serverPageId":null,"sectionCount":1,"status":2,"backwardUrl":null},{"id":26452605,"title":"404 Not Found Template","order":9,"templateKey":"404","customTemplate":false,"customTemplateFilename":null,"pageLinks":[],"dateCreated":"2024-07-27T09:28:22.892Z","dateUpdated":"2024-07-27T09:28:23.308Z","folderId":null,"pageName":"404 Not Found Template","serverPageId":null,"sectionCount":1,"status":2,"backwardUrl":null},{"id":6651365,"title":"Thank You Page Template","order":10,"templateKey":"ThankYou","customTemplate":false,"customTemplateFilename":null,"pageLinks":[],"dateCreated":"2024-07-27T09:28:22.938Z","dateUpdated":"2024-07-27T09:28:23.308Z","folderId":null,"pageName":"Thank You Page Template","serverPageId":null,"sectionCount":1,"status":2,"backwardUrl":null},{"id":1664127433,"title":"aac","order":103,"templateKey":null,"customTemplate":false,"customTemplateFilename":null,"pageLinks":[],"dateCreated":"2024-07-27T09:43:46.856Z","dateUpdated":"2024-07-28T12:46:10.206Z","folderId":null,"pageName":"aac_1664127433","serverPageId":null,"sectionCount":3,"status":2,"backwardUrl":null},{"id":83273729,"title":"Projekte","order":104,"templateKey":null,"customTemplate":false,"customTemplateFilename":null,"pageLinks":[],"dateCreated":"2024-07-28T10:25:19.626Z","dateUpdated":"2024-07-28T12:33:36.372Z","folderId":null,"pageName":"Projekte_83273729","serverPageId":null,"sectionCount":2,"status":2,"backwardUrl":null},{"id":499512371,"title":"erfahrung","order":106,"templateKey":null,"customTemplate":false,"customTemplateFilename":null,"pageLinks":[],"dateCreated":"2024-07-28T10:48:53.043Z","dateUpdated":"2024-07-28T12:41:32.557Z","folderId":null,"pageName":"erfahrung_499512371","serverPageId":null,"sectionCount":2,"status":2,"backwardUrl":null}]